<?xml version="1.0" encoding="UTF-8"?>
<project-private xmlns="http://www.netbeans.org/ns/project-private/1">
    <editor-bookmarks xmlns="http://www.netbeans.org/ns/editor-bookmarks/2" lastBookmarkId="0"/>
    <open-files xmlns="http://www.netbeans.org/ns/projectui-open-files/2">
        <group>
            <file>file:/C:/Users/TSEPO%20PHETLA/Downloads/Tax_Calculator%20(3)/Tax_Calculator/src/tax_calculator/Welcome_Page.java</file>
            <file>file:/C:/Users/TSEPO%20PHETLA/Downloads/Tax_Calculator%20(3)/Tax_Calculator/src/tax_calculator/withimage.java</file>
            <file>file:/C:/Users/TSEPO%20PHETLA/Downloads/Tax_Calculator%20(3)/Tax_Calculator/src/tax_calculator/Again.java</file>
            <file>file:/C:/Users/TSEPO%20PHETLA/Downloads/Tax_Calculator%20(3)/Tax_Calculator/src/tax_calculator/WelcomePage.java</file>
        </group>
    </open-files>
</project-private>
